{
    "results": {
        "tool": {
            "name": "pytest",
            "version": "8.4.1"
        },
        "summary": {
            "tests": 2,
            "passed": 2,
            "failed": 0,
            "skipped": 0,
            "pending": 0,
            "other": 0,
            "start": 1777601261.8601058,
            "stop": 1777601261.887131
        },
        "tests": [
            {
                "name": "test_final_state.py::test_script_exists_and_executable",
                "status": "passed",
                "duration": 0.00029953994089737535,
                "start": 1777601261.8861094,
                "stop": 1777601261.8865538,
                "retries": 0,
                "file_path": "test_final_state.py"
            },
            {
                "name": "test_final_state.py::test_script_content",
                "status": "passed",
                "duration": 0.00022212497424334288,
                "start": 1777601261.8866594,
                "stop": 1777601261.8869925,
                "retries": 0,
                "file_path": "test_final_state.py"
            }
        ]
    }
}