{
    "results": {
        "tool": {
            "name": "pytest",
            "version": "8.4.1"
        },
        "summary": {
            "tests": 2,
            "passed": 2,
            "failed": 0,
            "skipped": 0,
            "pending": 0,
            "other": 0,
            "start": 1777538417.5562766,
            "stop": 1777538417.5866725
        },
        "tests": [
            {
                "name": "test_final_state.py::test_script_exists_and_executable",
                "status": "passed",
                "duration": 0.00040112604619935155,
                "start": 1777538417.5852993,
                "stop": 1777538417.5858874,
                "retries": 0,
                "file_path": "test_final_state.py"
            },
            {
                "name": "test_final_state.py::test_script_content",
                "status": "passed",
                "duration": 0.00037166703259572387,
                "start": 1777538417.585971,
                "stop": 1777538417.5864937,
                "retries": 0,
                "file_path": "test_final_state.py"
            }
        ]
    }
}