{
    "results": {
        "tool": {
            "name": "pytest",
            "version": "8.4.1"
        },
        "summary": {
            "tests": 2,
            "passed": 2,
            "failed": 0,
            "skipped": 0,
            "pending": 0,
            "other": 0,
            "start": 1777599995.1046216,
            "stop": 1777599995.1319625
        },
        "tests": [
            {
                "name": "test_final_state.py::test_script_exists_and_executable",
                "status": "passed",
                "duration": 0.00036620994796976447,
                "start": 1777599995.1307518,
                "stop": 1777599995.1312873,
                "retries": 0,
                "file_path": "test_final_state.py"
            },
            {
                "name": "test_final_state.py::test_script_content",
                "status": "passed",
                "duration": 0.00031400000443682075,
                "start": 1777599995.1313636,
                "stop": 1777599995.131798,
                "retries": 0,
                "file_path": "test_final_state.py"
            }
        ]
    }
}