{
    "results": {
        "tool": {
            "name": "pytest",
            "version": "8.4.1"
        },
        "summary": {
            "tests": 2,
            "passed": 2,
            "failed": 0,
            "skipped": 0,
            "pending": 0,
            "other": 0,
            "start": 1777595159.7011635,
            "stop": 1777595159.7292223
        },
        "tests": [
            {
                "name": "test_final_state.py::test_script_exists_and_executable",
                "status": "passed",
                "duration": 0.00037446600617840886,
                "start": 1777595159.7281125,
                "stop": 1777595159.7286525,
                "retries": 0,
                "file_path": "test_final_state.py"
            },
            {
                "name": "test_final_state.py::test_script_content",
                "status": "passed",
                "duration": 0.00023679598234593868,
                "start": 1777595159.7287464,
                "stop": 1777595159.7291021,
                "retries": 0,
                "file_path": "test_final_state.py"
            }
        ]
    }
}